"행정구역","2008년_총인구수","2008년_세대수","2008년_세대당 인구","2008년_남자 인구수","2008년_여자 인구수","2008년_남여 비율","2009년_총인구수","2009년_세대수","2009년_세대당 인구","2009년_남자 인구수","2009년_여자 인구수","2009년_남여 비율","2010년_총인구수","2010년_세대수","2010년_세대당 인구","2010년_남자 인구수","2010년_여자 인구수","2010년_남여 비율","2011년_총인구수","2011년_세대수","2011년_세대당 인구","2011년_남자 인구수","2011년_여자 인구수","2011년_남여 비율","2012년_총인구수","2012년_세대수","2012년_세대당 인구","2012년_남자 인구수","2012년_여자 인구수","2012년_남여 비율","2013년_총인구수","2013년_세대수","2013년_세대당 인구","2013년_남자 인구수","2013년_여자 인구수","2013년_남여 비율","2014년_총인구수","2014년_세대수","2014년_세대당 인구","2014년_남자 인구수","2014년_여자 인구수","2014년_남여 비율","2015년_총인구수","2015년_세대수","2015년_세대당 인구","2015년_남자 인구수","2015년_여자 인구수","2015년_남여 비율"
"경기도 경기도 성남시 (4113000000)","942,447","367,675","          2.56","471,033","471,414","          1.00","962,726","375,386","          2.56","480,310","482,416","          1.00","980,190","385,050","          2.55","489,222","490,968","          1.00","979,323","384,230","          2.55","488,586","490,737","          1.00","978,615","384,316","          2.55","488,319","490,296","          1.00","979,534","387,053","          2.53","488,219","491,315","          0.99","974,608","388,340","          2.51","485,207","489,401","          0.99","971,424","390,968","          2.48","482,864","488,560","          0.99"
"경기도 경기도 성남시 수정구 (4113100000)","248,452","105,403","          2.36","126,314","122,138","          1.03","242,161","103,663","          2.34","123,280","118,881","          1.04","241,070","105,253","          2.29","122,877","118,193","          1.04","236,123","103,707","          2.28","120,382","115,741","          1.04","233,997","102,949","          2.27","119,427","114,570","          1.04","228,167","101,505","          2.25","116,445","111,722","          1.04","223,539","100,362","          2.23","114,066","109,473","          1.04","219,531","99,425","          2.21","112,045","107,486","          1.04"
"경기도 성남시 수정구 신흥1동(4113151000)","17,117","8,056","          2.12","8,711","8,406","          1.04","16,391","7,898","          2.08","8,330","8,061","          1.03","16,689","8,216","          2.03","8,491","8,198","          1.04","16,249","8,039","          2.02","8,279","7,970","          1.04","15,772","7,939","          1.99","8,061","7,711","          1.05","15,213","7,825","          1.94","7,795","7,418","          1.05","14,693","7,683","          1.91","7,554","7,139","          1.06","14,299","7,586","          1.88","7,406","6,893","          1.07"
"경기도 성남시 수정구 신흥2동(4113152000)","33,339","12,911","          2.58","16,690","16,649","          1.00","32,613","12,585","          2.59","16,355","16,258","          1.01","32,496","12,564","          2.59","16,336","16,160","          1.01","32,012","12,395","          2.58","16,130","15,882","          1.02","31,266","12,153","          2.57","15,779","15,487","          1.02","30,473","12,004","          2.54","15,381","15,092","          1.02","29,657","11,761","          2.52","14,972","14,685","          1.02","29,045","11,578","          2.51","14,656","14,389","          1.02"
"경기도 성남시 수정구 신흥3동(4113153000)","12,802","5,963","          2.15","6,479","6,323","          1.02","12,440","5,931","          2.10","6,329","6,111","          1.04","12,405","6,050","          2.05","6,304","6,101","          1.03","12,225","6,042","          2.02","6,221","6,004","          1.04","12,015","5,963","          2.01","6,149","5,866","          1.05","11,640","5,852","          1.99","6,006","5,634","          1.07","11,345","5,842","          1.94","5,869","5,476","          1.07","11,094","5,766","          1.92","5,757","5,337","          1.08"
"경기도 성남시 수정구 태평1동(4113154000)","19,507","9,001","          2.17","9,848","9,659","          1.02","19,238","8,989","          2.14","9,795","9,443","          1.04","19,092","9,144","          2.09","9,806","9,286","          1.06","18,846","9,100","          2.07","9,705","9,141","          1.06","18,719","9,085","          2.06","9,653","9,066","          1.06","18,309","9,051","          2.02","9,411","8,898","          1.06","18,075","9,029","          2.00","9,284","8,791","          1.06","17,811","8,972","          1.99","9,143","8,668","          1.05"
"경기도 성남시 수정구 태평2동(4113155000)","21,606","8,871","          2.44","10,984","10,622","          1.03","21,255","8,796","          2.42","10,786","10,469","          1.03","21,119","8,925","          2.37","10,682","10,437","          1.02","20,381","8,629","          2.36","10,315","10,066","          1.02","19,979","8,507","          2.35","10,196","9,783","          1.04","19,272","8,326","          2.31","9,813","9,459","          1.04","18,465","8,079","          2.29","9,369","9,096","          1.03","17,585","7,839","          2.24","8,883","8,702","          1.02"
"경기도 성남시 수정구 태평3동(4113156000)","17,736","7,270","          2.44","9,074","8,662","          1.05","17,221","7,007","          2.46","8,811","8,410","          1.05","17,233","7,196","          2.39","8,787","8,446","          1.04","16,814","7,074","          2.38","8,518","8,296","          1.03","16,483","6,979","          2.36","8,355","8,128","          1.03","16,096","6,899","          2.33","8,119","7,977","          1.02","15,716","6,892","          2.28","7,926","7,790","          1.02","15,276","6,859","          2.23","7,716","7,560","          1.02"
"경기도 성남시 수정구 태평4동(4113156100)","17,814","7,139","          2.50","8,981","8,833","          1.02","17,463","7,084","          2.47","8,871","8,592","          1.03","17,801","7,309","          2.44","8,991","8,810","          1.02","17,360","7,236","          2.40","8,824","8,536","          1.03","16,880","7,099","          2.38","8,593","8,287","          1.04","16,217","6,767","          2.40","8,248","7,969","          1.04","15,871","6,682","          2.38","8,039","7,832","          1.03","15,368","6,540","          2.35","7,804","7,564","          1.03"
"경기도 성남시 수정구 수진1동(4113157000)","18,045","8,338","          2.16","9,210","8,835","          1.04","17,450","8,092","          2.16","8,877","8,573","          1.04","17,136","8,210","          2.09","8,751","8,385","          1.04","16,635","8,046","          2.07","8,480","8,155","          1.04","16,288","7,874","          2.07","8,317","7,971","          1.04","15,490","7,618","          2.03","7,916","7,574","          1.05","14,897","7,492","          1.99","7,607","7,290","          1.04","14,347","7,310","          1.96","7,351","6,996","          1.05"
"경기도 성남시 수정구 수진2동(4113158000)","21,298","8,564","          2.49","10,752","10,546","          1.02","20,962","8,455","          2.48","10,607","10,355","          1.02","20,974","8,615","          2.43","10,588","10,386","          1.02","20,300","8,337","          2.43","10,261","10,039","          1.02","19,977","8,241","          2.42","10,092","9,885","          1.02","19,519","8,229","          2.37","9,920","9,599","          1.03","18,779","8,028","          2.34","9,539","9,240","          1.03","18,474","7,943","          2.33","9,330","9,144","          1.02"
"경기도 성남시 수정구 단대동(4113159000)","14,965","5,697","          2.63","7,504","7,461","          1.01","14,040","5,434","          2.58","6,990","7,050","          0.99","13,998","5,572","          2.51","7,038","6,960","          1.01","13,615","5,464","          2.49","6,852","6,763","          1.01","16,448","6,376","          2.58","8,272","8,176","          1.01","17,236","6,624","          2.60","8,644","8,592","          1.01","17,504","6,682","          2.62","8,729","8,775","          0.99","17,273","6,645","          2.60","8,637","8,636","          1.00"
"경기도 성남시 수정구 산성동(4113160000)","17,288","7,125","          2.43","8,802","8,486","          1.04","16,984","7,015","          2.42","8,650","8,334","          1.04","16,974","7,209","          2.35","8,713","8,261","          1.05","16,500","7,073","          2.33","8,448","8,052","          1.05","16,188","6,968","          2.32","8,293","7,895","          1.05","15,530","6,788","          2.29","7,947","7,583","          1.05","15,163","6,725","          2.25","7,761","7,402","          1.05","14,761","6,643","          2.22","7,555","7,206","          1.05"
"경기도 성남시 수정구 양지동(4113161000)","11,640","4,487","          2.59","5,783","5,857","          0.99","10,996","4,318","          2.55","5,480","5,516","          0.99","11,064","4,426","          2.50","5,515","5,549","          0.99","11,406","4,509","          2.53","5,664","5,742","          0.99","11,264","4,446","          2.53","5,599","5,665","          0.99","11,020","4,382","          2.51","5,509","5,511","          1.00","10,767","4,308","          2.50","5,412","5,355","          1.01","10,631","4,269","          2.49","5,326","5,305","          1.00"
"경기도 성남시 수정구 복정동(4113162000)","15,584","8,129","          1.92","8,417","7,167","          1.17","15,515","8,210","          1.89","8,365","7,150","          1.17","14,063","7,667","          1.83","7,621","6,442","          1.18","13,742","7,598","          1.81","7,432","6,310","          1.18","13,316","7,342","          1.81","7,169","6,147","          1.17","12,799","7,119","          1.80","6,874","5,925","          1.16","12,583","6,952","          1.81","6,753","5,830","          1.16","12,268","6,794","          1.81","6,581","5,687","          1.16"
"경기도 성남시 수정구 위례동(4113162500)","0","0","          0.00","0","0","          0.00","","","","","","","","","","","","","","","","","","","","","","","","","","","","","","","","","","","","","1,659","622","          2.67","837","822","          1.02"
"경기도 성남시 수정구 신촌동(4113163000)","3,886","1,422","          2.73","2,031","1,855","          1.09","3,903","1,433","          2.72","2,074","1,829","          1.13","4,026","1,497","          2.69","2,116","1,910","          1.11","3,958","1,475","          2.68","2,075","1,883","          1.10","3,277","1,289","          2.54","1,713","1,564","          1.10","3,290","1,325","          2.48","1,699","1,591","          1.07","4,419","1,676","          2.64","2,310","2,109","          1.10","4,605","1,754","          2.63","2,419","2,186","          1.11"
"경기도 성남시 수정구 고등동(4113164000)","2,668","1,158","          2.30","1,398","1,270","          1.10","2,597","1,151","          2.26","1,354","1,243","          1.09","2,767","1,281","          2.16","1,453","1,314","          1.11","2,754","1,297","          2.12","1,445","1,309","          1.10","2,839","1,331","          2.13","1,492","1,347","          1.11","2,814","1,332","          2.11","1,475","1,339","          1.10","2,477","1,197","          2.07","1,310","1,167","          1.12","1,893","959","          1.97","1,010","883","          1.14"
"경기도 성남시 수정구 시흥동(4113165000)","3,157","1,272","          2.48","1,650","1,507","          1.09","3,093","1,265","          2.45","1,606","1,487","          1.08","3,233","1,372","          2.36","1,685","1,548","          1.09","3,326","1,393","          2.39","1,733","1,593","          1.09","3,286","1,357","          2.42","1,694","1,592","          1.06","3,249","1,364","          2.38","1,688","1,561","          1.08","3,128","1,334","          2.34","1,632","1,496","          1.09","3,142","1,346","          2.33","1,634","1,508","          1.08"
"경기도 경기도 성남시 중원구 (4113300000)","265,137","105,101","          2.52","134,732","130,405","          1.03","259,877","103,371","          2.51","131,921","127,956","          1.03","258,093","104,438","          2.47","131,409","126,684","          1.04","254,872","103,566","          2.46","129,734","125,138","          1.04","253,883","103,869","          2.44","129,399","124,484","          1.04","256,349","105,339","          2.43","130,299","126,050","          1.03","251,982","104,931","          2.40","127,898","124,084","          1.03","250,004","105,314","          2.37","126,657","123,347","          1.03"
"경기도 성남시 중원구 성남동(4113351000)","32,289","13,500","          2.39","16,515","15,774","          1.05","31,736","13,419","          2.37","16,216","15,520","          1.04","32,154","14,026","          2.29","16,490","15,664","          1.05","32,282","14,272","          2.26","16,661","15,621","          1.07","31,996","14,331","          2.23","16,575","15,421","          1.07","31,462","14,256","          2.21","16,270","15,192","          1.07","30,889","14,199","          2.18","15,976","14,913","          1.07","30,487","14,206","          2.15","15,768","14,719","          1.07"
"경기도 성남시 중원구 중동(4113352000)","19,597","9,012","          2.17","10,076","9,521","          1.06","19,004","8,876","          2.14","9,767","9,237","          1.06","18,890","9,189","          2.06","9,794","9,096","          1.08","","","","","","","","","","","","","","","","","","","","","","","","","","","","","",""
"경기도 성남시 중원구 중앙동(4113352500)","0","0","          0.00","0","0","          0.00","","","","","","","","","","","","","18,191","8,998","          2.02","9,447","8,744","          1.08","20,681","9,920","          2.08","10,726","9,955","          1.08","21,119","10,107","          2.09","10,941","10,178","          1.07","21,337","10,172","          2.10","11,032","10,305","          1.07","21,514","10,296","          2.09","11,112","10,402","          1.07"
"경기도 성남시 중원구 금광1동(4113353000)","26,055","10,553","          2.47","13,218","12,837","          1.03","25,657","10,309","          2.49","13,021","12,636","          1.03","25,480","10,437","          2.44","13,019","12,461","          1.04","24,739","10,231","          2.42","12,635","12,104","          1.04","23,957","9,988","          2.40","12,249","11,708","          1.05","22,981","9,734","          2.36","11,785","11,196","          1.05","22,324","9,660","          2.31","11,449","10,875","          1.05","21,651","9,440","          2.29","11,121","10,530","          1.06"
"경기도 성남시 중원구 금광2동(4113354000)","31,648","12,503","          2.53","15,630","16,018","          0.98","30,896","12,247","          2.52","15,230","15,666","          0.97","30,813","12,440","          2.48","15,218","15,595","          0.98","30,445","12,297","          2.48","15,056","15,389","          0.98","29,829","12,206","          2.44","14,743","15,086","          0.98","29,372","12,167","          2.41","14,434","14,938","          0.97","28,948","12,222","          2.37","14,208","14,740","          0.96","28,067","12,054","          2.33","13,664","14,403","          0.95"
"경기도 성남시 중원구 은행1동(4113355000)","14,056","4,938","          2.85","7,028","7,028","          1.00","13,776","4,839","          2.85","6,852","6,924","          0.99","13,684","4,962","          2.76","6,790","6,894","          0.98","13,523","4,888","          2.77","6,701","6,822","          0.98","13,283","4,860","          2.73","6,587","6,696","          0.98","12,910","4,804","          2.69","6,437","6,473","          0.99","12,626","4,743","          2.66","6,279","6,347","          0.99","12,264","4,658","          2.63","6,056","6,208","          0.98"
"경기도 성남시 중원구 은행2동(4113356000)","37,971","15,164","          2.50","18,921","19,050","          0.99","36,975","14,804","          2.50","18,386","18,589","          0.99","31,722","12,421","          2.55","15,907","15,815","          1.01","30,278","11,875","          2.55","15,160","15,118","          1.00","29,764","11,632","          2.56","14,894","14,870","          1.00","28,820","11,382","          2.53","14,334","14,486","          0.99","28,204","11,276","          2.50","14,021","14,183","          0.99","27,649","11,204","          2.47","13,756","13,893","          0.99"
"경기도 성남시 중원구 상대원1동(4113357000)","32,506","12,547","          2.59","17,004","15,502","          1.10","31,860","12,342","          2.58","16,694","15,166","          1.10","31,784","12,631","          2.52","16,623","15,161","          1.10","31,329","12,516","          2.50","16,356","14,973","          1.09","30,738","12,400","          2.48","16,062","14,676","          1.09","29,922","12,152","          2.46","15,598","14,324","          1.09","28,985","11,869","          2.44","15,065","13,920","          1.08","28,394","11,823","          2.40","14,729","13,665","          1.08"
"경기도 성남시 중원구 상대원2동(4113358000)","19,585","8,404","          2.33","10,091","9,494","          1.06","18,965","8,160","          2.32","9,784","9,181","          1.07","18,829","8,328","          2.26","9,745","9,084","          1.07","18,359","8,080","          2.27","9,516","8,843","          1.08","17,749","7,964","          2.23","9,255","8,494","          1.09","17,112","7,820","          2.19","8,869","8,243","          1.08","16,467","7,589","          2.17","8,550","7,917","          1.08","16,180","7,534","          2.15","8,362","7,818","          1.07"
"경기도 성남시 중원구 상대원3동(4113359000)","17,583","7,119","          2.47","9,110","8,473","          1.08","17,048","6,968","          2.45","8,870","8,178","          1.08","16,882","7,115","          2.37","8,766","8,116","          1.08","16,256","6,900","          2.36","8,404","7,852","          1.07","15,771","6,700","          2.35","8,196","7,575","          1.08","15,119","6,495","          2.33","7,826","7,293","          1.07","14,512","6,451","          2.25","7,505","7,007","          1.07","13,994","6,350","          2.20","7,242","6,752","          1.07"
"경기도 성남시 중원구 하대원동(4113366000)","23,968","7,818","          3.07","12,208","11,760","          1.04","23,689","7,707","          3.07","12,019","11,670","          1.03","23,658","7,857","          3.01","12,082","11,576","          1.04","23,405","7,868","          2.97","11,928","11,477","          1.04","23,517","8,007","          2.94","11,993","11,524","          1.04","23,164","8,070","          2.87","11,862","11,302","          1.05","22,739","8,075","          2.82","11,603","11,136","          1.04","22,546","8,121","          2.78","11,498","11,048","          1.04"
"경기도 성남시 중원구 도촌동(4113367000)","9,879","3,543","          2.79","4,931","4,948","          1.00","10,271","3,700","          2.78","5,082","5,189","          0.98","14,197","5,032","          2.82","6,975","7,222","          0.97","16,065","5,641","          2.85","7,870","8,195","          0.96","16,598","5,861","          2.83","8,119","8,479","          0.96","24,368","8,352","          2.92","11,943","12,425","          0.96","24,951","8,675","          2.88","12,210","12,741","          0.96","27,258","9,628","          2.83","13,349","13,909","          0.96"
"경기도 경기도 성남시 분당구 (4113500000)","428,858","157,171","          2.73","209,987","218,871","          0.96","460,688","168,352","          2.74","225,109","235,579","          0.96","481,027","175,359","          2.74","234,936","246,091","          0.95","488,328","176,957","          2.76","238,470","249,858","          0.95","490,735","177,498","          2.76","239,493","251,242","          0.95","495,018","180,209","          2.75","241,475","253,543","          0.95","499,087","183,047","          2.73","243,243","255,844","          0.95","501,889","186,229","          2.70","244,162","257,727","          0.95"
"경기도 성남시 분당구 분당동(4113551000)","30,090","10,781","          2.79","14,739","15,351","          0.96","29,199","10,416","          2.80","14,306","14,893","          0.96","29,275","10,451","          2.80","14,343","14,932","          0.96","29,111","10,389","          2.80","14,264","14,847","          0.96","29,091","10,348","          2.81","14,256","14,835","          0.96","28,728","10,263","          2.80","14,101","14,627","          0.96","28,439","10,276","          2.77","13,881","14,558","          0.95","28,340","10,307","          2.75","13,797","14,543","          0.95"
"경기도 성남시 분당구 수내1동(4113552000)","18,309","7,182","          2.55","8,928","9,381","          0.95","17,984","7,176","          2.51","8,668","9,316","          0.93","17,993","7,272","          2.47","8,681","9,312","          0.93","17,838","7,204","          2.48","8,591","9,247","          0.93","18,000","7,173","          2.51","8,662","9,338","          0.93","17,969","7,176","          2.50","8,700","9,269","          0.94","17,952","7,166","          2.51","8,605","9,347","          0.92","17,985","7,166","          2.51","8,611","9,374","          0.92"
"경기도 성남시 분당구 수내2동(4113553000)","11,625","3,570","          3.26","5,672","5,953","          0.95","11,516","3,485","          3.30","5,641","5,875","          0.96","11,538","3,503","          3.29","5,636","5,902","          0.95","11,433","3,449","          3.31","5,597","5,836","          0.96","11,353","3,395","          3.34","5,564","5,789","          0.96","11,325","3,403","          3.33","5,545","5,780","          0.96","11,182","3,361","          3.33","5,466","5,716","          0.96","11,023","3,319","          3.32","5,394","5,629","          0.96"
"경기도 성남시 분당구 수내3동(4113554000)","16,189","5,602","          2.89","7,990","8,199","          0.97","15,901","5,473","          2.91","7,806","8,095","          0.96","15,989","5,484","          2.92","7,886","8,103","          0.97","15,791","5,361","          2.95","7,839","7,952","          0.99","15,686","5,414","          2.90","7,775","7,911","          0.98","15,457","5,409","          2.86","7,599","7,858","          0.97","15,336","5,455","          2.81","7,574","7,762","          0.98","15,310","5,447","          2.81","7,563","7,747","          0.98"
"경기도 성남시 분당구 정자동(4113554500)","0","0","          0.00","0","0","          0.00","","","","","","","","","","","","","","","","","","","","","","","","","","","","","","","","","","","","","21,449","8,514","          2.52","10,704","10,745","          1.00"
"경기도 성남시 분당구 정자1동(4113555000)","51,745","19,631","          2.64","25,379","26,366","          0.96","50,589","19,271","          2.63","24,694","25,895","          0.95","49,970","19,191","          2.60","24,419","25,551","          0.96","49,433","19,063","          2.59","24,130","25,303","          0.95","49,303","19,001","          2.59","24,027","25,276","          0.95","49,063","19,013","          2.58","23,874","25,189","          0.95","49,122","19,388","          2.53","23,952","25,170","          0.95","30,054","12,928","          2.32","14,297","15,757","          0.91"
"경기도 성남시 분당구 정자2동(4113556000)","19,830","8,148","          2.43","9,392","10,438","          0.90","19,175","8,028","          2.39","9,038","10,137","          0.89","19,038","8,028","          2.37","8,950","10,088","          0.89","18,645","7,865","          2.37","8,720","9,925","          0.88","18,427","7,749","          2.38","8,634","9,793","          0.88","17,973","7,659","          2.35","8,449","9,524","          0.89","17,658","7,583","          2.33","8,339","9,319","          0.89","17,791","7,752","          2.30","8,411","9,380","          0.90"
"경기도 성남시 분당구 정자3동(4113557000)","17,988","6,355","          2.83","8,761","9,227","          0.95","17,475","6,179","          2.83","8,493","8,982","          0.95","17,361","6,201","          2.80","8,457","8,904","          0.95","17,232","6,179","          2.79","8,377","8,855","          0.95","17,227","6,219","          2.77","8,318","8,909","          0.93","17,018","6,221","          2.74","8,223","8,795","          0.93","16,867","6,226","          2.71","8,138","8,729","          0.93","16,753","6,152","          2.72","8,118","8,635","          0.94"
"경기도 성남시 분당구 서현1동(4113558000)","33,696","12,612","          2.67","16,406","17,290","          0.95","33,148","12,376","          2.68","16,148","17,000","          0.95","33,042","12,278","          2.69","16,083","16,959","          0.95","32,791","12,066","          2.72","15,960","16,831","          0.95","32,789","11,971","          2.74","15,959","16,830","          0.95","32,808","12,118","          2.71","15,952","16,856","          0.95","32,688","12,122","          2.70","15,902","16,786","          0.95","32,595","12,091","          2.70","15,785","16,810","          0.94"
"경기도 성남시 분당구 서현2동(4113559000)","21,311","7,215","          2.95","10,656","10,655","          1.00","20,866","7,060","          2.96","10,386","10,480","          0.99","20,727","7,034","          2.95","10,260","10,467","          0.98","20,596","6,996","          2.94","10,155","10,441","          0.97","20,568","7,006","          2.94","10,131","10,437","          0.97","20,409","7,015","          2.91","10,018","10,391","          0.96","20,103","6,943","          2.90","9,838","10,265","          0.96","19,826","6,819","          2.91","9,763","10,063","          0.97"
"경기도 성남시 분당구 이매1동(4113560000)","29,713","10,117","          2.94","14,675","15,038","          0.98","28,739","9,764","          2.94","14,200","14,539","          0.98","28,605","9,725","          2.94","14,097","14,508","          0.97","28,164","9,486","          2.97","13,826","14,338","          0.96","28,036","9,376","          2.99","13,768","14,268","          0.96","27,846","9,332","          2.98","13,632","14,214","          0.96","27,644","9,199","          3.01","13,533","14,111","          0.96","27,474","9,174","          2.99","13,462","14,012","          0.96"
"경기도 성남시 분당구 이매2동(4113561000)","15,731","5,053","          3.11","7,767","7,964","          0.98","15,383","4,905","          3.14","7,566","7,817","          0.97","15,315","4,900","          3.13","7,542","7,773","          0.97","15,290","4,881","          3.13","7,559","7,731","          0.98","15,093","4,793","          3.15","7,436","7,657","          0.97","15,007","4,784","          3.14","7,414","7,593","          0.98","14,902","4,735","          3.15","7,360","7,542","          0.98","14,761","4,677","          3.16","7,275","7,486","          0.97"
"경기도 성남시 분당구 야탑1동(4113562000)","20,044","7,631","          2.63","9,908","10,136","          0.98","19,634","7,489","          2.62","9,661","9,973","          0.97","19,407","7,437","          2.61","9,579","9,828","          0.97","19,126","7,368","          2.60","9,459","9,667","          0.98","18,959","7,352","          2.58","9,389","9,570","          0.98","18,740","7,350","          2.55","9,246","9,494","          0.97","18,531","7,313","          2.53","9,145","9,386","          0.97","18,529","7,386","          2.51","9,057","9,472","          0.96"
"경기도 성남시 분당구 야탑2동(4113563000)","19,173","6,683","          2.87","9,208","9,965","          0.92","18,678","6,510","          2.87","8,935","9,743","          0.92","18,606","6,511","          2.86","8,847","9,759","          0.91","18,403","6,401","          2.88","8,760","9,643","          0.91","18,444","6,369","          2.90","8,824","9,620","          0.92","18,252","6,399","          2.85","8,726","9,526","          0.92","18,026","6,355","          2.84","8,589","9,437","          0.91","17,890","6,281","          2.85","8,526","9,364","          0.91"
"경기도 성남시 분당구 야탑3동(4113564000)","35,578","13,388","          2.66","17,701","17,877","          0.99","34,351","13,215","          2.60","17,132","17,219","          0.99","34,061","13,195","          2.58","16,971","17,090","          0.99","33,493","12,994","          2.58","16,627","16,866","          0.99","33,432","13,029","          2.57","16,596","16,836","          0.99","32,820","13,028","          2.52","16,281","16,539","          0.98","32,421","13,033","          2.49","16,071","16,350","          0.98","31,854","12,907","          2.47","15,766","16,088","          0.98"
"경기도 성남시 분당구 판교동(4113565000)","263","113","          2.33","142","121","          1.17","14,533","5,051","          2.88","7,068","7,465","          0.95","19,520","6,574","          2.97","9,505","10,015","          0.95","20,996","6,967","          3.01","10,307","10,689","          0.96","22,072","7,238","          3.05","10,808","11,264","          0.96","22,593","7,348","          3.07","11,058","11,535","          0.96","23,246","7,491","          3.10","11,393","11,853","          0.96","23,724","7,615","          3.12","11,621","12,103","          0.96"
"경기도 성남시 분당구 삼평동(4113565500)","0","0","          0.00","0","0","          0.00","15,547","5,098","          3.05","7,552","7,995","          0.94","20,109","6,425","          3.13","9,766","10,343","          0.94","24,501","7,773","          3.15","11,931","12,570","          0.95","24,759","7,795","          3.18","12,073","12,686","          0.95","25,856","8,227","          3.14","12,734","13,122","          0.97","26,113","8,519","          3.07","12,855","13,258","          0.97","26,053","8,679","          3.00","12,770","13,283","          0.96"
"경기도 성남시 분당구 백현동(4113565700)","0","0","          0.00","0","0","          0.00","4,160","1,385","          3.00","2,079","2,081","          1.00","10,554","3,474","          3.04","5,234","5,320","          0.98","14,189","4,480","          3.17","7,072","7,117","          0.99","15,050","4,742","          3.17","7,461","7,589","          0.98","20,595","6,639","          3.10","10,125","10,470","          0.97","25,796","8,485","          3.04","12,622","13,174","          0.96","27,288","9,321","          2.93","13,327","13,961","          0.95"
"경기도 성남시 분당구 금곡동(4113566200)","30,164","11,405","          2.64","14,414","15,750","          0.92","29,656","11,239","          2.64","14,153","15,503","          0.91","29,647","11,304","          2.62","14,180","15,467","          0.92","29,877","11,450","          2.61","14,281","15,596","          0.92","29,971","11,583","          2.59","14,362","15,609","          0.92","29,868","11,693","          2.55","14,267","15,601","          0.91","30,039","11,930","          2.52","14,290","15,749","          0.91","30,216","12,087","          2.50","14,353","15,863","          0.90"
"경기도 성남시 분당구 구미1동(4113566500)","19,872","7,295","          2.72","9,790","10,082","          0.97","19,287","7,077","          2.73","9,506","9,781","          0.97","19,137","7,057","          2.71","9,414","9,723","          0.97","18,915","6,934","          2.73","9,263","9,652","          0.96","18,716","6,876","          2.72","9,138","9,578","          0.95","18,667","6,909","          2.70","9,090","9,577","          0.95","18,841","7,124","          2.64","9,143","9,698","          0.94","18,651","7,074","          2.64","9,029","9,622","          0.94"
"경기도 성남시 분당구 구미동(4113567000)","35,724","13,505","          2.65","17,565","18,159","          0.97","34,820","13,227","          2.63","17,093","17,727","          0.96","34,656","13,216","          2.62","16,982","17,674","          0.96","34,042","12,922","          2.63","16,702","17,340","          0.96","33,917","12,922","          2.62","16,558","17,359","          0.95","33,614","12,922","          2.60","16,373","17,241","          0.95","33,480","12,966","          2.58","16,341","17,139","          0.95","33,257","13,014","          2.56","16,183","17,074","          0.95"
"경기도 성남시 분당구 운중동(4113568000)","1,813","885","          2.05","894","919","          0.97","10,047","3,928","          2.56","4,984","5,063","          0.98","16,477","6,099","          2.70","8,104","8,373","          0.97","18,462","6,729","          2.74","9,050","9,412","          0.96","19,842","7,147","          2.78","9,754","10,088","          0.97","20,410","7,301","          2.80","10,068","10,342","          0.97","20,701","7,377","          2.81","10,206","10,495","          0.97","21,066","7,519","          2.80","10,350","10,716","          0.97"
