"행정구역","2016년12월_전체세대","2016년12월_1인세대","2016년12월_2인세대","2016년12월_3인세대","2016년12월_4인세대","2016년12월_5인세대","2016년12월_6인세대","2016년12월_7인세대","2016년12월_8인세대","2016년12월_9인세대","2016년12월_10인이상세대","2017년12월_전체세대","2017년12월_1인세대","2017년12월_2인세대","2017년12월_3인세대","2017년12월_4인세대","2017년12월_5인세대","2017년12월_6인세대","2017년12월_7인세대","2017년12월_8인세대","2017년12월_9인세대","2017년12월_10인이상세대","2018년12월_전체세대","2018년12월_1인세대","2018년12월_2인세대","2018년12월_3인세대","2018년12월_4인세대","2018년12월_5인세대","2018년12월_6인세대","2018년12월_7인세대","2018년12월_8인세대","2018년12월_9인세대","2018년12월_10인이상세대","2019년12월_전체세대","2019년12월_1인세대","2019년12월_2인세대","2019년12월_3인세대","2019년12월_4인세대","2019년12월_5인세대","2019년12월_6인세대","2019년12월_7인세대","2019년12월_8인세대","2019년12월_9인세대","2019년12월_10인이상세대","2020년12월_전체세대","2020년12월_1인세대","2020년12월_2인세대","2020년12월_3인세대","2020년12월_4인세대","2020년12월_5인세대","2020년12월_6인세대","2020년12월_7인세대","2020년12월_8인세대","2020년12월_9인세대","2020년12월_10인이상세대","2021년12월_전체세대","2021년12월_1인세대","2021년12월_2인세대","2021년12월_3인세대","2021년12월_4인세대","2021년12월_5인세대","2021년12월_6인세대","2021년12월_7인세대","2021년12월_8인세대","2021년12월_9인세대","2021년12월_10인이상세대","2022년12월_전체세대","2022년12월_1인세대","2022년12월_2인세대","2022년12월_3인세대","2022년12월_4인세대","2022년12월_5인세대","2022년12월_6인세대","2022년12월_7인세대","2022년12월_8인세대","2022년12월_9인세대","2022년12월_10인이상세대","2023년12월_전체세대","2023년12월_1인세대","2023년12월_2인세대","2023년12월_3인세대","2023년12월_4인세대","2023년12월_5인세대","2023년12월_6인세대","2023년12월_7인세대","2023년12월_8인세대","2023년12월_9인세대","2023년12월_10인이상세대","2024년12월_전체세대","2024년12월_1인세대","2024년12월_2인세대","2024년12월_3인세대","2024년12월_4인세대","2024년12월_5인세대","2024년12월_6인세대","2024년12월_7인세대","2024년12월_8인세대","2024년12월_9인세대","2024년12월_10인이상세대","2025년12월_전체세대","2025년12월_1인세대","2025년12월_2인세대","2025년12월_3인세대","2025년12월_4인세대","2025년12월_5인세대","2025년12월_6인세대","2025년12월_7인세대","2025년12월_8인세대","2025년12월_9인세대","2025년12월_10인이상세대"
"경기도 경기도 성남시 (4113000000)","394,087","133,187","78,927","76,310","81,056","19,199","4,059","935","296","76","42","396,403","137,214","80,721","76,161","78,491","18,495","3,942","938","312","90","39","398,412","142,582","82,843","75,252","75,207","17,533","3,712","875","303","68","37","400,460","147,532","84,808","74,778","72,014","16,584","3,503","855","276","78","32","407,912","154,631","88,754","75,545","69,402","15,367","3,132","762","215","72","32","409,320","157,586","90,760","75,765","66,945","14,309","2,920","748","182","73","32","408,195","157,679","91,834","76,081","65,207","13,618","2,822","676","201","56","21","409,602","158,989","93,456","76,813","63,400","13,203","2,808","651","202","56","24","410,242","160,664","94,958","77,223","61,168","12,627","2,685","627","207","59","24","409,252","160,062","96,899","77,410","59,384","12,094","2,522","612","184","59","26"
"경기도 경기도 성남시 수정구 (4113100000)","104,855","43,812","22,036","17,925","15,722","4,216","895","179","49","13","8","107,823","45,660","23,029","18,078","15,790","4,129","886","176","55","15","5","108,396","47,148","23,362","17,739","15,134","3,948","803","185","59","10","8","110,333","48,868","24,245","17,769","14,624","3,791","790","183","46","10","7","115,709","52,162","25,992","18,414","14,629","3,573","726","160","37","13","3","114,620","52,480","26,208","17,941","13,811","3,318","674","148","24","12","4","113,458","52,906","26,048","17,523","13,060","3,122","625","134","24","14","2","116,390","54,027","27,159","18,133","13,180","3,106","622","122","26","11","4","116,838","54,562","27,721","18,127","12,657","3,009","597","121","28","11","5","116,200","54,313","28,043","17,972","12,274","2,855","573","128","27","10","5"
"경기도 성남시 수정구 신흥1동(4113151000)","7,773","4,200","1,612","1,042","705","169","35","10","0","0","0","7,822","4,339","1,616","1,008","671","149","32","5","2","0","0","7,738","4,440","1,554","953","608","131","42","5","4","0","1","7,770","4,528","1,575","928","553","142","37","5","1","0","1","7,887","4,723","1,602","886","517","120","33","4","1","0","1","7,956","4,827","1,632","862","480","118","27","8","1","0","1","7,949","4,889","1,671","791","459","108","22","6","2","0","1","7,707","4,778","1,628","758","409","105","24","3","1","0","1","7,590","4,796","1,569","714","383","107","16","2","1","1","1","7,440","4,654","1,609","695","364","98","14","3","1","1","1"
"경기도 성남시 수정구 신흥2동(4113152000)","9,078","3,134","1,854","1,775","1,745","455","90","15","5","3","2","4,485","1,450","879","910","930","250","48","11","5","1","1","3,952","1,176","813","818","839","238","48","14","5","1","0","3,810","1,091","813","806","799","236","47","14","3","0","1","7,666","1,819","1,914","1,843","1,608","393","65","14","7","3","0","7,733","1,754","2,043","1,881","1,603","368","67","11","5","1","0","7,626","1,694","2,077","1,902","1,531","348","60","9","3","2","0","11,370","2,637","3,250","2,845","2,092","456","66","18","3","2","1","12,249","2,560","3,726","3,188","2,177","496","81","14","4","2","1","12,313","2,534","3,751","3,253","2,191","467","91","18","5","2","1"
"경기도 성남시 수정구 신흥3동(4113153000)","5,838","3,166","1,126","779","563","156","37","9","1","0","1","6,026","3,295","1,183","773","590","149","26","9","0","1","0","6,110","3,401","1,212","742","569","151","28","6","1","0","0","6,140","3,469","1,248","737","526","128","27","4","1","0","0","6,425","3,743","1,325","722","503","106","19","6","1","0","0","6,528","3,861","1,311","730","500","108","14","4","0","0","0","6,531","3,899","1,309","738","464","98","18","5","0","0","0","6,416","3,900","1,286","700","418","92","17","3","0","0","0","6,461","3,971","1,304","687","402","79","14","4","0","0","0","6,452","3,969","1,330","682","383","71","12","4","1","0","0"
"경기도 성남시 수정구 태평1동(4113154000)","8,999","4,624","1,816","1,260","986","257","45","8","2","1","0","9,049","4,775","1,867","1,173","931","245","43","10","3","1","1","8,816","4,718","1,871","1,106","862","206","37","12","3","1","0","8,594","4,677","1,841","1,081","753","192","36","8","4","1","1","8,736","4,974","1,834","1,065","659","162","34","3","3","2","0","8,896","5,230","1,868","1,003","610","147","26","8","3","1","0","8,815","5,224","1,895","960","559","141","25","7","3","1","0","8,516","5,121","1,821","878","535","133","23","4","1","0","0","8,352","5,092","1,786","839","481","128","22","3","1","0","0","8,221","5,046","1,806","776","452","121","17","3","0","0","0"
"경기도 성남시 수정구 태평2동(4113155000)","7,640","3,249","1,585","1,389","1,021","300","74","18","2","1","1","7,480","3,175","1,645","1,334","953","285","68","16","2","1","1","7,688","3,360","1,701","1,343","944","280","44","15","1","0","0","7,806","3,528","1,804","1,273","891","256","43","10","1","0","0","7,966","3,863","1,851","1,177","813","221","32","6","2","1","0","7,984","3,967","1,892","1,142","744","196","34","7","2","0","0","7,918","4,038","1,862","1,110","689","180","30","7","2","0","0","7,794","4,100","1,809","1,071","618","160","26","9","1","0","0","7,658","4,047","1,836","1,039","551","154","21","9","1","0","0","7,529","4,006","1,840","998","521","133","19","11","1","0","0"
"경기도 성남시 수정구 태평3동(4113156000)","6,840","2,935","1,427","1,122","1,032","257","48","13","6","0","0","6,894","3,048","1,476","1,121","959","227","51","9","3","0","0","6,779","3,129","1,423","1,077","887","201","43","13","6","0","0","6,813","3,248","1,462","1,053","826","179","29","10","6","0","0","6,893","3,421","1,501","1,004","772","153","30","9","2","1","0","6,909","3,462","1,570","1,006","692","139","30","8","1","1","0","6,880","3,521","1,589","962","643","134","24","6","0","1","0","6,679","3,463","1,595","884","592","114","21","8","1","1","0","6,519","3,433","1,568","843","534","113","18","7","3","0","0","6,314","3,298","1,549","839","501","99","23","5","0","0","0"
"경기도 성남시 수정구 태평4동(4113156100)","6,497","2,436","1,385","1,165","1,110","321","66","9","5","0","0","6,598","2,600","1,409","1,136","1,060","321","61","9","2","0","0","6,587","2,753","1,435","1,076","974","286","48","11","4","0","0","6,455","2,809","1,408","1,030","892","245","58","9","4","0","0","6,624","3,097","1,494","996","785","199","43","8","1","1","0","6,683","3,280","1,493","961","733","165","40","10","1","0","0","6,589","3,305","1,485","931","665","161","33","7","2","0","0","6,264","3,240","1,384","881","578","145","32","4","0","0","0","6,046","3,197","1,368","798","522","130","27","3","1","0","0","5,916","3,178","1,334","754","490","126","30","4","0","0","0"
"경기도 성남시 수정구 수진1동(4113157000)","7,297","3,719","1,667","1,012","673","179","34","8","5","0","0","7,279","3,849","1,642","945","643","152","36","7","4","1","0","7,179","3,896","1,619","923","557","147","28","5","3","0","1","7,248","4,074","1,654","873","486","126","25","6","3","0","1","7,348","4,290","1,649","816","448","118","17","7","2","0","1","7,353","4,362","1,658","795","406","105","19","5","2","0","1","7,207","4,300","1,680","725","379","104","11","5","2","0","1","6,975","4,169","1,639","699","359","86","14","5","3","0","1","6,787","4,145","1,547","649","336","86","17","4","2","0","1","6,682","4,142","1,526","606","309","78","15","3","2","0","1"
"경기도 성남시 수정구 수진2동(4113158000)","7,863","3,085","1,688","1,339","1,280","361","89","17","4","0","0","8,025","3,351","1,708","1,320","1,213","321","89","15","8","0","0","8,013","3,517","1,682","1,275","1,140","303","73","16","7","0","0","7,896","3,562","1,721","1,228","1,018","281","70","13","3","0","0","7,789","3,572","1,786","1,167","944","242","68","9","1","0","0","7,822","3,651","1,862","1,134","879","236","46","12","0","2","0","7,808","3,725","1,883","1,109","802","222","55","8","3","1","0","7,636","3,696","1,839","1,101","737","203","50","6","3","1","0","7,520","3,695","1,840","1,061","695","158","58","9","3","1","0","7,468","3,670","1,902","1,016","668","147","54","8","2","1","0"
"경기도 성남시 수정구 단대동(4113159000)","6,622","1,913","1,462","1,424","1,360","354","85","17","4","2","1","6,649","1,960","1,529","1,405","1,303","339","91","13","5","4","0","6,769","2,123","1,604","1,363","1,249","326","84","13","4","2","1","6,741","2,206","1,618","1,342","1,177","306","73","16","0","3","0","6,776","2,364","1,666","1,315","1,063","289","63","12","1","2","1","6,763","2,387","1,723","1,296","993","284","68","8","0","3","1","6,636","2,363","1,716","1,273","951","261","61","7","1","3","0","6,528","2,403","1,731","1,235","872","226","50","5","3","3","0","6,508","2,449","1,735","1,214","837","218","43","5","4","3","0","6,503","2,480","1,758","1,230","775","207","42","5","2","3","1"
"경기도 성남시 수정구 산성동(4113160000)","6,670","2,776","1,520","1,104","953","247","60","6","2","1","1","6,721","2,922","1,520","1,079","901","235","50","8","4","1","1","6,583","2,974","1,499","1,010","819","225","40","10","3","1","2","6,366","2,901","1,466","992","734","215","43","9","4","2","0","5,243","2,439","1,213","791","598","160","34","7","1","0","0","2,496","1,060","596","389","330","97","20","4","0","0","0","2,268","908","573","375","302","90","17","3","0","0","0","2,196","891","557","385","270","77","14","2","0","0","0","2,171","907","577","354","247","68","16","2","0","0","0","2,091","848","576","352","232","65","15","2","1","0","0"
"경기도 성남시 수정구 양지동(4113161000)","4,307","1,431","916","811","866","227","46","8","1","1","0","4,273","1,439","948","807","793","230","47","6","2","1","0","4,270","1,513","961","753","763","226","44","7","2","1","0","4,314","1,561","983","747","769","206","41","6","0","1","0","4,352","1,642","1,017","739","722","190","35","6","0","1","0","4,376","1,668","1,068","747","666","188","32","5","0","1","1","4,361","1,713","1,067","752","615","172","35","5","0","2","0","4,277","1,704","1,088","734","560","147","38","3","2","1","0","4,248","1,762","1,067","718","530","135","31","3","0","2","0","4,259","1,816","1,086","688","512","128","24","3","0","2","0"
"경기도 성남시 수정구 복정동(4113162000)","6,891","4,020","1,258","935","533","113","27","3","0","1","1","7,275","4,418","1,296","882","530","114","30","4","0","1","0","7,043","4,268","1,312","812","515","109","21","4","0","2","0","6,854","4,224","1,287","750","466","103","20","3","0","0","1","6,752","4,272","1,261","677","436","86","16","4","0","0","0","6,792","4,380","1,271","645","403","75","15","3","0","0","0","6,728","4,394","1,242","624","389","61","15","3","0","0","0","6,568","4,329","1,224","588","343","64","16","4","0","0","0","6,576","4,418","1,218","539","313","66","16","5","1","0","0","6,734","4,512","1,245","564","331","62","15","5","0","0","0"
"경기도 성남시 수정구 위례동(4113162500)","8,473","1,573","1,871","2,098","2,228","574","96","25","8","0","0","14,940","3,334","3,389","3,480","3,652","875","159","40","10","1","0","16,397","4,019","3,702","3,778","3,767","909","166","42","12","0","2","17,127","4,228","3,955","3,952","3,829","919","174","53","13","2","2","17,459","4,540","4,088","4,014","3,727","859","169","48","12","2","0","17,978","5,121","4,271","3,972","3,613","774","172","43","9","3","0","17,412","5,165","4,012","3,865","3,440","723","153","46","6","2","0","18,168","5,497","4,260","3,908","3,542","752","157","43","6","3","0","18,849","5,911","4,529","4,013","3,474","719","149","44","7","1","2","18,782","5,884","4,575","4,017","3,396","722","136","40","11","0","1"
"경기도 성남시 수정구 신촌동(4113163000)","1,814","587","329","333","382","141","33","6","2","0","1","1,897","638","379","333","375","138","24","7","2","0","1","1,990","721","395","340","372","125","26","9","1","1","0","2,005","756","391","356","362","108","23","9","0","0","0","2,067","809","432","364","329","104","22","7","0","0","0","2,041","795","454","352","324","93","20","3","0","0","0","2,029","795","446","357","304","101","22","4","0","0","0","2,035","830","451","331","297","100","23","2","0","0","1","2,012","813","468","316","288","105","18","3","0","1","0","2,014","796","492","333","266","101","21","4","0","1","0"
"경기도 성남시 수정구 고등동(4113164000)","867","443","188","106","88","26","10","5","0","1","0","897","444","195","121","91","30","11","4","0","1","0","891","446","209","121","80","22","11","1","0","0","1","2,799","1,295","635","369","375","94","25","4","2","0","0","4,023","1,708","976","621","560","116","32","8","2","0","0","4,686","1,818","1,131","820","695","180","36","6","0","0","0","4,752","1,800","1,150","855","731","172","39","4","0","1","0","5,243","1,997","1,229","944","830","194","45","3","1","0","0","5,252","2,070","1,218","948","773","195","44","4","0","0","0","5,320","2,093","1,274","959","753","190","41","9","1","0","0"
"경기도 성남시 수정구 시흥동(4113165000)","1,386","521","332","231","197","79","20","2","2","2","0","1,513","623","348","251","195","69","20","3","3","1","0","1,591","694","370","249","189","63","20","2","3","1","0","1,595","711","384","252","168","55","19","4","1","1","0","1,703","886","383","217","145","55","14","2","1","0","0","1,624","857","365","206","140","45","8","3","0","0","0","1,949","1,173","391","194","137","46","5","2","0","1","0","2,018","1,272","368","191","128","52","6","0","1","0","0","2,040","1,296","365","207","114","52","6","0","0","0","0","2,162","1,387","390","210","130","40","4","1","0","0","0"
"경기도 경기도 성남시 중원구 (4113300000)","101,345","37,910","21,348","18,749","17,333","4,733","967","222","54","23","6","99,438","37,939","21,327","18,198","16,353","4,392","920","226","53","25","5","99,495","39,461","21,975","17,492","15,371","4,036","892","194","51","19","4","99,940","41,283","22,422","17,148","14,361","3,703","766","186","43","22","6","101,151","43,446","23,346","16,842","13,311","3,321","674","154","32","19","6","100,328","43,872","23,676","16,492","12,466","3,002","623","143","34","14","6","100,139","43,049","24,327","16,889","12,240","2,887","570","121","41","9","6","101,034","43,585","24,947","17,108","11,896","2,767","566","112","40","8","5","100,556","44,236","24,935","16,804","11,346","2,564","517","103","37","9","5","99,667","43,985","25,235","16,527","10,883","2,414","485","94","35","6","3"
"경기도 성남시 중원구 성남동(4113351000)","14,473","6,669","2,841","2,290","1,976","550","111","26","5","4","1","15,515","7,305","3,085","2,432","1,969","569","117","27","4","6","1","16,746","8,537","3,273","2,396","1,904","499","101","29","3","4","0","17,248","9,031","3,448","2,366","1,814","460","93","30","1","5","0","18,085","9,770","3,713","2,353","1,739","396","80","27","2","5","0","18,455","10,239","3,791","2,331","1,622","376","65","21","7","3","0","18,480","10,479","3,722","2,292","1,546","349","66","17","7","2","0","18,307","10,578","3,720","2,171","1,421","317","80","11","8","1","0","18,479","10,896","3,704","2,121","1,365","311","60","12","9","1","0","18,409","10,906","3,749","2,073","1,291","313","62","10","4","1","0"
"경기도 성남시 중원구 중앙동(4113352500)","8,567","4,154","1,678","1,250","1,081","303","79","12","8","1","1","7,619","3,704","1,505","1,097","967","253","74","11","5","3","0","7,302","3,610","1,460","1,040","885","225","64","12","4","2","0","7,246","3,662","1,447","1,027","836","202","52","12","6","1","1","7,223","3,735","1,495","962","780","193","43","12","2","0","1","5,940","2,809","1,330","870","718","155","43","12","2","1","0","7,431","2,941","1,838","1,370","1,011","209","48","11","3","0","0","7,676","2,937","1,919","1,509","1,021","224","49","12","4","1","0","7,581","2,883","1,901","1,486","1,034","220","43","11","3","0","0","7,518","2,839","1,922","1,456","1,031","221","42","3","4","0","0"
"경기도 성남시 중원구 금광1동(4113353000)","5,733","2,358","1,253","1,004","826","229","44","16","2","1","0","4,028","1,691","861","727","554","152","33","9","1","0","0","3,490","1,484","754","644","449","133","21","4","1","0","0","3,370","1,434","764","611","430","99","26","4","2","0","0","3,329","1,397","811","612","404","87","12","2","1","2","1","3,284","1,438","828","560","377","63","14","1","2","1","0","5,719","1,829","1,633","1,276","810","141","23","3","1","2","1","8,239","2,314","2,419","1,953","1,266","244","33","7","2","1","0","8,237","2,316","2,362","2,022","1,249","238","39","8","2","1","0","8,241","2,282","2,388","2,065","1,235","225","35","8","3","0","0"
"경기도 성남시 중원구 금광2동(4113354000)","12,303","4,970","2,510","2,179","1,966","549","94","26","5","4","0","11,971","4,947","2,470","2,055","1,843","525","96","28","4","3","0","11,858","5,016","2,503","1,970","1,738","497","101","24","7","2","0","11,761","5,110","2,559","1,945","1,595","433","90","23","4","2","0","11,795","5,265","2,725","1,898","1,428","373","85","17","2","2","0","12,426","5,533","2,946","2,008","1,470","359","85","21","3","1","0","12,396","5,580","3,032","1,950","1,397","341","73","13","7","3","0","12,243","5,623","3,007","1,930","1,269","325","68","16","3","1","1","12,145","5,712","2,955","1,884","1,232","283","61","13","3","1","1","11,871","5,594","2,947","1,820","1,162","271","59","13","3","2","0"
"경기도 성남시 중원구 은행1동(4113355000)","4,567","1,226","954","964","1,070","275","63","8","4","3","0","4,531","1,238","982","954","1,015","261","64","11","4","2","0","4,477","1,280","1,025","895","946","259","56","11","4","1","0","4,486","1,437","1,025","883","862","213","46","15","3","2","0","4,533","1,591","1,079","857","752","202","42","6","3","1","0","4,524","1,664","1,114","823","698","181","35","6","2","1","0","4,500","1,705","1,133","813","640","171","28","8","1","1","0","4,427","1,748","1,112","786","602","146","24","8","1","0","0","4,386","1,770","1,120","784","556","129","20","6","1","0","0","4,415","1,823","1,160","746","546","119","18","3","0","0","0"
"경기도 성남시 중원구 은행2동(4113356000)","11,374","3,792","2,549","2,317","2,053","518","113","25","4","3","0","11,351","3,888","2,595","2,250","1,977","485","115","30","8","3","0","11,282","3,998","2,711","2,139","1,849","441","111","22","8","3","0","11,137","4,119","2,725","2,082","1,682","407","95","18","6","2","1","11,267","4,478","2,847","1,971","1,506","368","73","18","5","1","0","11,185","4,599","2,858","1,943","1,363","324","81","14","3","0","0","11,095","4,680","2,889","1,849","1,300","300","63","11","3","0","0","10,898","4,790","2,834","1,791","1,160","252","56","12","3","0","0","10,798","4,909","2,851","1,708","1,022","246","48","11","3","0","0","10,704","4,932","2,839","1,698","971","209","41","13","1","0","0"
"경기도 성남시 중원구 상대원1동(4113357000)","11,992","4,268","2,661","2,356","2,063","503","115","20","4","0","2","11,966","4,332","2,692","2,358","1,977","467","105","26","6","1","2","11,998","4,494","2,821","2,271","1,826","463","99","17","5","1","1","12,018","4,741","2,874","2,212","1,665","423","82","12","5","3","1","12,062","4,980","2,930","2,166","1,524","366","78","12","3","2","1","12,175","5,276","3,028","2,063","1,408","321","65","9","3","1","1","12,208","5,353","3,136","2,023","1,328","291","60","11","5","0","1","12,174","5,544","3,109","1,944","1,234","276","55","5","5","1","1","12,146","5,697","3,104","1,901","1,143","238","53","4","4","1","1","11,545","5,410","3,042","1,777","1,044","205","53","7","4","2","1"
"경기도 성남시 중원구 상대원2동(4113358000)","7,602","3,391","1,699","1,235","927","278","55","11","3","1","2","7,514","3,409","1,728","1,179","874","264","44","11","2","2","1","7,416","3,503","1,717","1,095","816","230","41","11","0","2","1","7,302","3,558","1,695","1,049","743","212","32","9","1","2","1","7,109","3,558","1,616","1,038","656","201","27","9","1","2","1","6,716","3,365","1,566","993","592","161","27","9","1","1","1","2,709","1,461","589","348","227","63","15","3","2","0","1","1,672","893","348","221","159","36","11","0","2","1","1","1,608","845","349","218","147","36","11","0","1","1","0","1,523","769","358","214","138","35","7","1","1","0","0"
"경기도 성남시 중원구 상대원3동(4113359000)","6,476","2,758","1,410","1,094","893","251","56","12","2","0","0","6,519","2,887","1,410","1,068","864","229","47","11","3","0","0","6,426","2,886","1,457","1,010","807","202","48","12","4","0","0","6,358","2,935","1,481","974","743","180","32","10","3","0","0","6,461","3,192","1,504","933","636","157","32","5","2","0","0","6,488","3,347","1,509","886","571","143","25","5","2","0","0","6,602","3,431","1,564","925","518","140","18","4","2","0","0","6,460","3,422","1,590","829","466","122","24","5","2","0","0","6,337","3,438","1,543","781","433","119","18","4","1","0","0","6,275","3,446","1,539","765","412","95","15","2","1","0","0"
"경기도 성남시 중원구 하대원동(4113366000)","8,198","2,035","1,660","1,759","2,057","554","101","23","6","3","0","8,275","2,120","1,776","1,796","1,929","520","102","20","8","3","1","8,383","2,232","1,880","1,834","1,842","463","102","21","6","1","2","8,342","2,326","1,911","1,818","1,715","451","91","20","6","3","1","8,408","2,448","2,002","1,793","1,640","410","83","21","7","3","1","8,319","2,547","2,001","1,781","1,488","392","78","20","5","4","3","8,232","2,545","2,032","1,796","1,386","368","79","19","5","0","2","8,154","2,561","2,067","1,775","1,307","353","67","16","7","0","1","8,077","2,544","2,144","1,710","1,255","328","72","16","5","1","2","8,334","2,652","2,327","1,731","1,201","329","72","16","5","0","1"
"경기도 성남시 중원구 도촌동(4113367000)","10,060","2,289","2,133","2,301","2,421","723","136","43","11","3","0","10,149","2,418","2,223","2,282","2,384","667","123","42","8","2","0","10,117","2,421","2,374","2,198","2,309","624","148","31","9","3","0","10,672","2,930","2,493","2,181","2,276","623","127","33","6","2","1","10,879","3,032","2,624","2,259","2,246","568","119","25","4","1","1","10,816","3,055","2,705","2,234","2,159","527","105","25","4","1","1","10,767","3,045","2,759","2,247","2,077","514","97","21","5","1","1","10,784","3,175","2,822","2,199","1,991","472","99","20","3","2","1","10,762","3,226","2,902","2,189","1,910","416","92","18","5","3","1","10,832","3,332","2,964","2,182","1,852","392","81","18","9","1","1"
"경기도 경기도 성남시 분당구 (4113500000)","187,887","51,465","35,543","39,636","48,001","10,250","2,197","534","193","40","28","189,142","53,615","36,365","39,885","46,348","9,974","2,136","536","204","50","29","190,521","55,973","37,506","40,021","44,702","9,549","2,017","496","193","39","25","190,187","57,381","38,141","39,861","43,029","9,090","1,947","486","187","46","19","191,052","59,023","39,416","40,289","41,462","8,473","1,732","448","146","40","23","194,372","61,234","40,876","41,332","40,668","7,989","1,623","457","124","47","22","194,598","61,724","41,459","41,669","39,907","7,609","1,627","421","136","33","13","192,178","61,377","41,350","41,572","38,324","7,330","1,620","417","136","37","15","192,848","61,866","42,302","42,292","37,165","7,054","1,571","403","142","39","14","193,385","61,764","43,621","42,911","36,227","6,825","1,464","390","122","43","18"
"경기도 성남시 분당구 분당동(4113551000)","10,414","2,847","1,880","2,212","2,716","608","110","32","7","1","1","10,492","2,949","1,932","2,241","2,656","558","109","31","11","4","1","10,450","3,079","1,928","2,227","2,535","533","101","30","14","1","2","10,341","3,103","1,956","2,198","2,406","509","121","33","14","1","0","10,382","3,185","2,070","2,202","2,300","485","104","26","7","3","0","10,276","3,225","2,119","2,204","2,174","428","94","24","5","2","1","10,196","3,239","2,129","2,194","2,116","395","93","24","6","0","0","10,133","3,258","2,167","2,198","2,001","394","85","24","5","0","1","10,054","3,295","2,160","2,174","1,928","376","89","25","5","1","1","10,044","3,277","2,188","2,225","1,877","358","80","29","7","0","3"
"경기도 성남시 분당구 수내1동(4113552000)","7,210","2,505","1,261","1,326","1,649","341","89","26","11","2","0","7,353","2,663","1,311","1,331","1,561","360","89","22","12","3","1","7,559","2,855","1,360","1,333","1,566","332","79","22","9","2","1","7,621","2,973","1,329","1,357","1,530","338","61","23","7","2","1","7,758","3,108","1,360","1,365","1,542","308","49","16","5","3","2","7,689","3,197","1,334","1,343","1,462","281","43","20","6","3","0","7,782","3,191","1,391","1,371","1,474","271","50","22","11","0","1","7,787","3,229","1,367","1,378","1,464","259","54","25","9","1","1","7,837","3,280","1,378","1,408","1,428","265","55","17","3","1","2","7,886","3,292","1,410","1,418","1,428","265","49","16","3","4","1"
"경기도 성남시 분당구 수내2동(4113553000)","3,300","294","460","792","1,423","257","62","9","3","0","0","3,270","294","426","810","1,406","255","60","15","4","0","0","3,253","295","438","816","1,374","255","59","11","3","2","0","3,246","287","439","837","1,365","240","60","11","2","5","0","3,214","263","463","864","1,316","232","57","11","6","2","0","3,204","286","488","878","1,271","211","52","14","3","1","0","3,196","277","502","893","1,247","208","50","16","3","0","0","3,167","263","487","918","1,219","213","48","17","2","0","0","3,203","264","484","950","1,248","188","49","14","5","1","0","3,194","275","458","1,004","1,202","185","53","12","3","1","1"
"경기도 성남시 분당구 수내3동(4113554000)","5,431","1,492","798","1,054","1,672","338","48","17","11","0","1","5,364","1,509","768","1,035","1,623","348","51","19","10","0","1","5,307","1,518","799","1,058","1,535","320","48","17","8","2","2","5,256","1,535","775","1,053","1,502","318","46","19","5","2","1","5,195","1,513","792","1,087","1,449","294","39","16","3","2","0","5,184","1,572","816","1,069","1,403","266","39","14","2","2","1","5,199","1,625","816","1,108","1,358","239","36","10","5","1","1","5,159","1,618","817","1,092","1,336","237","41","12","5","1","0","5,118","1,591","833","1,097","1,314","225","40","14","3","1","0","5,108","1,595","829","1,142","1,276","212","36","14","2","2","0"
"경기도 성남시 분당구 정자동(4113554500)","8,514","2,788","1,694","1,732","1,845","358","72","12","9","1","3","8,529","2,848","1,697","1,780","1,735","366","77","13","10","2","1","8,325","2,734","1,730","1,723","1,684","366","64","14","7","1","2","8,240","2,741","1,708","1,753","1,622","337","57","13","6","1","2","8,252","2,851","1,727","1,743","1,555","306","56","11","3","0","0","8,242","2,983","1,724","1,706","1,478","289","47","12","3","0","0","8,206","3,003","1,740","1,700","1,428","270","50","11","4","0","0","6,390","2,586","1,332","1,195","1,008","213","42","12","2","0","0","6,301","2,583","1,306","1,188","967","204","43","8","2","0","0","6,232","2,588","1,274","1,174","950","192","46","8","0","0","0"
"경기도 성남시 분당구 정자1동(4113555000)","13,268","5,279","2,575","2,223","2,521","510","108","35","12","3","2","13,618","5,637","2,590","2,264","2,475","495","108","36","7","4","2","13,843","5,949","2,541","2,276","2,414","492","134","22","9","3","3","13,945","6,093","2,524","2,289","2,400","478","115","32","10","1","3","14,066","6,150","2,651","2,321","2,307","488","109","29","10","0","1","13,975","6,227","2,621","2,295","2,248","431","109","37","4","2","1","13,885","6,258","2,615","2,252","2,182","420","117","29","11","0","1","13,963","6,305","2,592","2,312","2,151","448","122","21","10","1","1","13,978","6,339","2,594","2,361","2,093","444","111","17","13","4","2","14,055","6,317","2,655","2,470","2,045","430","106","20","6","4","2"
"경기도 성남시 분당구 정자2동(4113556000)","7,732","2,824","1,847","1,518","1,250","232","42","14","3","1","1","7,723","2,893","1,852","1,488","1,217","213","41","12","6","0","1","7,750","3,068","1,870","1,452","1,111","205","29","8","5","1","1","7,692","3,197","1,868","1,369","1,018","189","38","9","3","1","0","7,661","3,326","1,844","1,314","946","188","30","10","3","0","0","7,542","3,391","1,779","1,287","885","158","28","10","3","0","1","7,424","3,467","1,692","1,244","837","145","25","11","1","1","1","7,330","3,433","1,708","1,217","804","125","33","7","2","0","1","7,261","3,512","1,632","1,184","769","125","30","6","2","0","1","7,245","3,510","1,673","1,158","725","137","33","6","1","0","2"
"경기도 성남시 분당구 정자3동(4113557000)","6,117","1,540","1,179","1,370","1,657","292","64","9","5","0","1","6,156","1,590","1,237","1,389","1,581","291","53","10","4","0","1","6,196","1,698","1,270","1,366","1,533","258","57","12","2","0","0","6,147","1,744","1,261","1,379","1,438","254","56","11","2","2","0","6,133","1,806","1,268","1,382","1,391","226","49","9","2","0","0","6,477","1,881","1,307","1,454","1,513","264","45","11","2","0","0","6,677","1,941","1,382","1,524","1,502","258","56","12","2","0","0","6,636","1,904","1,384","1,590","1,432","248","62","14","1","1","0","6,620","1,911","1,436","1,580","1,383","236","59","12","2","1","0","6,605","1,948","1,458","1,572","1,328","234","53","10","1","1","0"
"경기도 성남시 분당구 서현1동(4113558000)","12,214","3,614","2,119","2,245","3,279","736","165","41","9","4","2","12,331","3,764","2,116","2,319","3,198","703","169","39","15","6","2","12,439","3,882","2,168","2,346","3,141","685","156","43","13","4","1","12,612","4,074","2,185","2,411","3,094","633","158","38","14","3","2","12,759","4,225","2,265","2,477","3,032","585","128","31","9","4","3","12,746","4,328","2,305","2,497","2,890","566","116","28","9","2","5","12,638","4,349","2,304","2,517","2,776","523","121","36","8","2","2","12,584","4,363","2,317","2,528","2,692","506","128","36","8","4","2","12,662","4,439","2,375","2,587","2,593","494","123","39","8","3","1","12,678","4,410","2,534","2,584","2,534","467","109","28","10","2","0"
"경기도 성남시 분당구 서현2동(4113559000)","6,735","1,435","1,000","1,612","2,146","440","73","21","5","2","1","6,871","1,588","1,106","1,584","2,057","423","83","22","5","2","1","6,820","1,589","1,160","1,566","2,007","402","72","15","7","2","0","6,791","1,599","1,189","1,570","1,948","387","69","16","10","3","0","6,776","1,614","1,235","1,601","1,879","340","81","20","2","2","2","6,717","1,630","1,295","1,617","1,767","314","66","23","3","1","1","6,643","1,640","1,320","1,603","1,699","303","52","22","2","2","0","6,599","1,599","1,335","1,674","1,609","299","54","21","6","2","0","6,569","1,631","1,372","1,667","1,534","282","53","18","6","5","1","6,553","1,636","1,406","1,679","1,491","269","43","19","4","4","2"
"경기도 성남시 분당구 이매1동(4113560000)","9,118","1,617","1,579","2,147","2,950","651","125","28","14","6","1","9,076","1,615","1,586","2,240","2,837","632","104","38","19","4","1","9,086","1,617","1,679","2,314","2,734","581","105","37","15","3","1","9,113","1,721","1,771","2,328","2,618","509","105","40","15","5","1","9,113","1,779","1,847","2,294","2,580","473","85","36","14","4","1","9,023","1,830","1,920","2,262","2,443","431","91","30","11","4","1","8,977","1,830","1,963","2,287","2,346","426","92","21","9","2","1","9,003","1,842","2,044","2,282","2,296","405","99","19","13","2","1","9,038","1,823","2,142","2,317","2,226","397","103","15","12","2","1","9,022","1,810","2,227","2,356","2,119","385","88","24","9","4","0"
"경기도 성남시 분당구 이매2동(4113561000)","4,600","632","807","1,021","1,655","356","98","23","5","1","2","4,670","712","849","1,024","1,603","359","86","29","5","3","0","4,631","690","892","1,025","1,533","369","89","25","7","0","1","4,587","666","908","1,061","1,478","360","85","19","8","1","1","4,531","663","924","1,084","1,427","340","74","11","6","1","1","4,449","678","970","1,065","1,338","309","66","14","5","4","0","4,445","663","1,009","1,057","1,336","303","54","14","7","2","0","4,441","672","995","1,109","1,298","271","71","17","7","1","0","4,406","641","1,014","1,136","1,266","268","61","10","9","1","0","4,370","640","1,003","1,191","1,208","249","62","9","7","1","0"
"경기도 성남시 분당구 야탑1동(4113562000)","7,527","2,583","1,423","1,524","1,588","318","73","10","4","2","2","7,551","2,677","1,493","1,438","1,543","311","65","18","2","2","2","7,738","2,902","1,529","1,477","1,436","304","69","15","3","2","1","7,666","2,908","1,575","1,436","1,375","281","70","13","4","4","0","7,708","2,984","1,603","1,473","1,303","266","57","15","3","3","1","7,675","3,067","1,641","1,412","1,237","243","54","15","2","2","2","7,623","3,092","1,587","1,424","1,207","242","53","15","2","1","0","7,535","3,023","1,618","1,417","1,178","231","52","11","3","2","0","7,538","3,038","1,656","1,439","1,130","210","50","10","5","0","0","7,545","3,059","1,704","1,433","1,077","203","53","10","6","0","0"
"경기도 성남시 분당구 야탑2동(4113563000)","6,307","1,425","1,280","1,316","1,758","390","96","28","11","3","0","6,300","1,470","1,292","1,362","1,643","398","99","20","12","4","0","6,301","1,503","1,352","1,356","1,588","367","96","20","16","1","2","6,261","1,524","1,343","1,358","1,545","364","89","23","13","1","1","6,246","1,524","1,420","1,369","1,469","345","81","24","10","2","2","6,155","1,554","1,405","1,349","1,394","333","87","22","8","2","1","6,088","1,547","1,437","1,339","1,352","288","85","27","10","2","1","6,034","1,534","1,445","1,351","1,292","297","79","24","9","2","1","6,011","1,538","1,457","1,378","1,236","289","79","20","12","2","0","5,987","1,526","1,477","1,381","1,229","267","76","16","13","2","0"
"경기도 성남시 분당구 야탑3동(4113564000)","12,940","4,386","2,729","2,645","2,520","510","113","23","9","3","2","13,199","4,687","2,844","2,635","2,427","473","96","19","9","5","4","13,242","4,860","2,967","2,553","2,301","434","94","21","6","4","2","13,162","4,953","2,988","2,569","2,118","420","86","18","6","2","2","13,108","5,048","3,094","2,562","1,925","378","78","17","3","2","1","12,939","5,181","3,040","2,526","1,761","336","73","17","3","1","1","12,750","5,158","3,093","2,430","1,658","322","68","16","3","2","0","12,635","5,218","3,062","2,425","1,546","296","69","12","4","3","0","12,514","5,277","3,085","2,324","1,460","275","72","20","0","1","0","12,711","5,280","3,246","2,364","1,459","278","67","12","3","2","0"
"경기도 성남시 분당구 판교동(4113565000)","7,774","1,295","1,194","1,899","2,491","665","182","31","15","2","0","7,882","1,340","1,252","1,943","2,467","665","157","39","18","1","0","7,935","1,302","1,322","1,998","2,482","644","129","40","16","2","0","7,892","1,299","1,398","1,968","2,432","631","114","30","14","5","1","7,915","1,254","1,418","2,066","2,467","553","105","41","7","2","2","8,963","1,481","1,750","2,392","2,641","537","113","38","7","4","0","9,004","1,444","1,780","2,492","2,609","533","104","30","8","4","0","8,999","1,369","1,834","2,555","2,590","514","94","31","9","3","0","9,035","1,346","1,872","2,605","2,581","500","90","29","8","4","0","8,979","1,300","1,881","2,681","2,507","484","87","25","11","3","0"
"경기도 성남시 분당구 삼평동(4113565500)","8,631","1,482","1,552","2,091","2,729","631","106","27","9","3","1","8,641","1,543","1,632","2,083","2,671","574","107","20","9","1","1","8,780","1,713","1,681","2,162","2,543","558","91","23","7","1","1","8,818","1,833","1,773","2,142","2,413","544","91","16","5","0","1","9,133","2,131","1,863","2,199","2,355","488","76","13","6","1","1","9,069","2,144","1,939","2,182","2,281","432","64","15","8","3","1","9,110","2,212","1,971","2,235","2,218","382","69","12","9","2","0","9,058","2,199","1,998","2,257","2,162","360","60","13","7","2","0","9,083","2,251","1,989","2,352","2,060","361","52","12","4","1","1","9,106","2,273","2,071","2,365","1,990","347","46","7","3","2","2"
"경기도 성남시 분당구 백현동(4113565700)","10,109","2,017","1,790","2,441","2,935","754","130","31","7","2","2","10,067","2,020","1,908","2,375","2,849","742","133","31","6","1","2","10,187","2,204","2,038","2,377","2,724","696","110","26","9","2","1","10,200","2,291","2,158","2,337","2,617","646","114","29","6","2","0","10,220","2,422","2,230","2,342","2,508","589","91","28","8","1","1","10,179","2,553","2,309","2,323","2,363","520","76","24","9","1","1","10,340","2,643","2,445","2,308","2,350","483","79","20","7","4","1","10,428","2,706","2,561","2,362","2,214","479","75","21","5","4","1","10,466","2,780","2,659","2,405","2,097","427","66","21","7","3","1","10,535","2,843","2,748","2,441","1,997","413","65","20","3","4","1"
"경기도 성남시 분당구 금곡동(4113566200)","12,143","3,769","2,692","2,559","2,478","468","127","35","13","0","2","12,426","4,109","2,753","2,592","2,361","444","119","32","10","2","4","12,523","4,355","2,788","2,547","2,270","414","108","30","7","2","2","12,474","4,429","2,886","2,475","2,149","401","95","23","14","1","1","12,515","4,520","2,977","2,458","2,015","416","92","23","10","2","2","12,314","4,543","2,996","2,372","1,910","377","78","22","10","4","2","12,156","4,555","2,915","2,339","1,889","345","84","16","8","4","1","12,058","4,538","2,911","2,342","1,811","344","76","18","13","3","2","12,034","4,539","2,951","2,344","1,754","324","81","24","13","3","1","11,997","4,470","3,062","2,298","1,737","318","67","29","11","3","2"
"경기도 성남시 분당구 구미1동(4113566500)","7,107","1,978","1,419","1,495","1,786","340","57","22","8","2","0","7,160","2,055","1,462","1,523","1,690","337","73","16","4","0","0","7,235","2,180","1,499","1,551","1,600","314","69","18","4","0","0","7,256","2,289","1,511","1,523","1,549","293","75","15","1","0","0","7,328","2,443","1,581","1,485","1,470","262","72","11","3","1","0","7,288","2,575","1,569","1,504","1,332","242","53","12","1","0","0","7,164","2,530","1,564","1,503","1,266","233","54","11","2","0","1","7,101","2,545","1,564","1,486","1,236","212","48","8","2","0","0","7,014","2,507","1,617","1,461","1,162","209","47","6","4","1","0","6,937","2,392","1,662","1,484","1,140","209","37","10","3","0","0"
"경기도 성남시 분당구 구미동(4113567000)","13,057","3,889","2,809","2,654","2,918","586","147","36","15","1","2","13,052","3,965","2,834","2,728","2,754","574","143","32","15","5","2","13,219","4,242","2,931","2,687","2,619","555","140","26","16","2","1","13,192","4,416","2,980","2,613","2,477","520","138","30","16","1","1","13,192","4,508","3,023","2,680","2,324","495","113","29","16","2","2","13,183","4,752","3,067","2,602","2,183","426","106","30","12","3","2","13,109","4,757","3,093","2,605","2,089","419","112","23","8","1","2","12,576","4,657","2,973","2,426","1,987","397","105","23","5","2","1","12,524","4,736","2,995","2,408","1,878","374","92","33","6","1","1","12,636","4,874","3,119","2,350","1,816","359","79","30","6","2","1"
"경기도 성남시 분당구 운중동(4113568000)","7,639","1,774","1,456","1,760","2,035","469","110","24","8","1","2","7,411","1,687","1,425","1,701","1,994","453","114","23","11","1","2","7,702","1,738","1,564","1,811","1,972","465","118","21","10","2","1","7,675","1,706","1,616","1,835","1,935","438","104","25","12","3","1","7,847","1,706","1,761","1,921","1,902","416","106","21","10","3","1","11,083","2,156","2,482","2,993","2,694","595","123","25","8","6","1","11,986","2,303","2,711","3,244","2,968","601","123","23","10","3","0","12,562","2,516","2,839","3,458","2,998","582","123","31","9","3","3","13,582","2,545","3,295","3,927","3,058","581","126","33","13","3","1","13,960","2,449","3,536","4,141","3,092","564","129","36","10","2","1"
